,name,y_coord,orig_length,masked_length,trimmed_length,frac_to_frac_length,p10_frac,p10_trimmed
0,scan_h_1,-9.054578429580262,12.162936883642987,0.0,0.0,,,
1,scan_h_2,-8.054578429580262,12.162936883642987,0.0,0.0,,,
2,scan_h_3,-7.054578429580262,12.162936883642987,5.372665629546615,5.348068855042582,4.744040042121982,2.1079080090409725,1.8698338168498354
3,scan_h_4,-6.054578429580262,12.162936883642987,11.895014675665616,11.82750477439932,11.393904948523922,1.4920257871909268,1.4373276802049209
4,scan_h_5,-5.054578429580262,12.162936883642987,12.162936883642987,12.1417121400642,10.425121309226522,2.685820065730959,2.3060998051179253
5,scan_h_6,-4.054578429580262,12.162936883642987,12.162936883642987,12.151840662406556,11.12751197830545,1.7973469755856148,1.6458411985167678
6,scan_h_7,-3.0545784295802623,12.162936883642987,11.632865204410775,11.624118858377873,10.679405026483458,2.621868908479812,2.408784729503992
7,scan_h_8,-2.0545784295802623,12.162936883642987,4.525886946988495,4.509734768857356,9.446485013862207,0.9527353281980532,1.9956827754374464
